{"initial_reset_timestamp": 1537737336.719121, "timestamps": [1537737343.3782356, 1537737348.5508242, 1537737348.8847659, 1537737349.09213, 1537737349.2993636, 1537737349.5057094, 1537737349.71164, 1537737349.917103, 1537737354.6413624, 1537737354.9651334, 1537737355.1645975, 1537737355.377564, 1537737355.5962505, 1537737355.8077188, 1537737356.0070019, 1537737356.2181904, 1537737356.4327254, 1537737356.6291099, 1537737356.8401985, 1537737357.0359817, 1537737357.2381299, 1537737357.4572034, 1537737357.671305, 1537737357.8744743, 1537737358.074373, 1537737358.2946074, 1537737358.498158, 1537737363.30316, 1537737363.6325872, 1537737363.8425984, 1537737364.0511167, 1537737364.3072712, 1537737364.5167766, 1537737364.7131436, 1537737364.925788, 1537737365.1387854, 1537737365.3452792, 1537737365.5564735, 1537737365.7760677, 1537737365.994647, 1537737366.2081969, 1537737366.425557, 1537737366.618999, 1537737366.823572, 1537737367.0390759, 1537737367.2412643, 1537737367.4694264, 1537737367.6906178, 1537737367.9812965, 1537737368.1900883, 1537737368.401934, 1537737368.6029384, 1537737368.8275263, 1537737369.026621, 1537737369.2303317, 1537737369.4406264, 1537737369.6253362, 1537737369.8215141, 1537737370.020547, 1537737370.2249846, 1537737370.4350607, 1537737370.633264, 1537737370.8360944, 1537737371.0361118, 1537737375.771293, 1537737376.1061254, 1537737376.3046727, 1537737376.5142481, 1537737376.723214, 1537737376.917912, 1537737377.1201003, 1537737377.3280725, 1537737377.5422246, 1537737377.7462418, 1537737377.9507635, 1537737378.161653, 1537737378.37618, 1537737378.573416, 1537737378.7697327, 1537737378.9920995, 1537737379.198432, 1537737379.411215, 1537737379.6225755, 1537737379.82771, 1537737380.0388098, 1537737380.2527924, 1537737380.4643712, 1537737380.6677334, 1537737380.8875678, 1537737381.108028, 1537737381.3041778, 1537737381.5173185, 1537737381.7436235, 1537737381.9459202, 1537737382.1656044, 1537737382.3931553, 1537737382.6074343, 1537737382.8091114, 1537737383.035101, 1537737383.261494], "episode_lengths": [200, 200, 200, 200, 200, 200, 200, 200, 200, 200, 200, 200, 200, 200, 200, 200, 200, 200, 200, 200, 200, 200, 200, 200, 200, 200, 200, 200, 200, 200, 200, 200, 200, 200, 200, 200, 200, 200, 200, 200, 200, 200, 200, 200, 200, 200, 200, 200, 200, 200, 200, 200, 200, 200, 200, 200, 200, 200, 200, 200, 200, 200, 200, 200, 200, 200, 200, 200, 200, 200, 200, 200, 200, 200, 200, 200, 200, 200, 200, 200, 200, 200, 200, 200, 200, 200, 200, 200, 200, 200, 200, 200, 200, 200, 200, 200, 200, 200, 200, 200], "episode_rewards": [200.0, 200.0, 200.0, 200.0, 200.0, 200.0, 200.0, 200.0, 200.0, 200.0, 200.0, 200.0, 200.0, 200.0, 200.0, 200.0, 200.0, 200.0, 200.0, 200.0, 200.0, 200.0, 200.0, 200.0, 200.0, 200.0, 200.0, 200.0, 200.0, 200.0, 200.0, 200.0, 200.0, 200.0, 200.0, 200.0, 200.0, 200.0, 200.0, 200.0, 200.0, 200.0, 200.0, 200.0, 200.0, 200.0, 200.0, 200.0, 200.0, 200.0, 200.0, 200.0, 200.0, 200.0, 200.0, 200.0, 200.0, 200.0, 200.0, 200.0, 200.0, 200.0, 200.0, 200.0, 200.0, 200.0, 200.0, 200.0, 200.0, 200.0, 200.0, 200.0, 200.0, 200.0, 200.0, 200.0, 200.0, 200.0, 200.0, 200.0, 200.0, 200.0, 200.0, 200.0, 200.0, 200.0, 200.0, 200.0, 200.0, 200.0, 200.0, 200.0, 200.0, 200.0, 200.0, 200.0, 200.0, 200.0, 200.0, 200.0], "episode_types": ["t", "t", "t", "t", "t", "t", "t", "t", "t", "t", "t", "t", "t", "t", "t", "t", "t", "t", "t", "t", "t", "t", "t", "t", "t", "t", "t", "t", "t", "t", "t", "t", "t", "t", "t", "t", "t", "t", "t", "t", "t", "t", "t", "t", "t", "t", "t", "t", "t", "t", "t", "t", "t", "t", "t", "t", "t", "t", "t", "t", "t", "t", "t", "t", "t", "t", "t", "t", "t", "t", "t", "t", "t", "t", "t", "t", "t", "t", "t", "t", "t", "t", "t", "t", "t", "t", "t", "t", "t", "t", "t", "t", "t", "t", "t", "t", "t", "t", "t", "t"]}